age,name,email,salary
45,sepide,s@tuberlin.com,1000
20,basti,b@tuberlin.com,3000
50,stefan,sf@tuberlin.com,8000
18,maria,m@tuberlin.com,3000
39,maria,m@tuberlin.com,3000
57,maria,m@tuberlin.com,3000
50,maria,m@tuberlin.com,3000
52,maria,m@tuberlin.com,3000
23,maria,m@tuberlin.com,3000
46,maria,m@tuberlin.com,3000
78,maria,m@tuberlin.com,3000
98,maria,m@tuberlin.com,3000
70,maria,m@tuberlin.com,3000
20,maria,m@tuberlin.com,3000
30,maria,m@tuberlin.com,3000
24,maria,m@tuberlin.com,3000
76,maria,m@tuberlin.com,3000
48,maria,m@tuberlin.com,3000
85,maria,m@tuberlin.com,3000
79,maria,m@tuberlin.com,3000
37,maria,m@tuberlin.com,3000
56,maria,m@tuberlin.com,3000
92,maria,m@tuberlin.com,3000
60,maria,m@tuberlin.com,3000
58,maria,m@tuberlin.com,3000
71,maria,m@tuberlin.com,3000
60,maria,m@tuberlin.com,3000
41,maria,m@tuberlin.com,3000
52,maria,m@tuberlin.com,3000
61,maria,m@tuberlin.com,3000
90,maria,m@tuberlin.com,3000
93,maria,m@tuberlin.com,3000
96,maria,m@tuberlin.com,3000
93,maria,m@tuberlin.com,3000
72,maria,m@tuberlin.com,3000
70,maria,m@tuberlin.com,3000
71,maria,m@tuberlin.com,3000
87,maria,m@tuberlin.com,3000
83,maria,m@tuberlin.com,3000
59,maria,m@tuberlin.com,3000
38,maria,m@tuberlin.com,3000
85,maria,m@tuberlin.com,3000
77,maria,m@tuberlin.com,3000
88,maria,m@tuberlin.com,3000
99,maria,m@tuberlin.com,3000
44,maria,m@tuberlin.com,3000
66,maria,m@tuberlin.com,3000
55,maria,m@tuberlin.com,3000
33,maria,m@tuberlin.com,3000
22,maria,m@tuberlin.com,3000
11,maria,m@tuberlin.com,3000
12,maria,m@tuberlin.com,3000
13,maria,m@tuberlin.com,3000
14,maria,m@tuberlin.com,3000
15,maria,m@tuberlin.com,3000
16,maria,m@tuberlin.com,3000
17,maria,m@tuberlin.com,3000
19,maria,m@tuberlin.com,3000
20,maria,m@tuberlin.com,3000
18,maria,m@tuberlin.com,3000
18,maria,m@tuberlin.com,3000
18,maria,m@tuberlin.com,3000
18,maria,m@tuberlin.com,3000
18,maria,m@tuberlin.com,3000
18,maria,m@tuberlin.com,3000
18,maria,m@tuberlin.com,3000
18,maria,m@tuberlin.com,3000
18,maria,m@tuberlin.com,3000
18,maria,m@tuberlin.com,3000
18,maria,m@tuberlin.com,3000
18,maria,m@tuberlin.com,3000
18,maria,m@tuberlin.com,3000
18,maria,m@tuberlin.com,3000
18,maria,m@tuberlin.com,3000
18,maria,m@tuberlin.com,3000
18,maria,m@tuberlin.com,3000
18,maria,m@tuberlin.com,3000
18,maria,m@tuberlin.com,3000
18,maria,m@tuberlin.com,3000
18,maria,m@tuberlin.com,3000
18,maria,m@tuberlin.com,3000
18,maria,m@tuberlin.com,3000
18,maria,m@tuberlin.com,3000
18,maria,m@tuberlin.com,3000
18,maria,m@tuberlin.com,3000
18,maria,m@tuberlin.com,3000
18,maria,m@tuberlin.com,3000
18,maria,m@tuberlin.com,3000
18,maria,m@tuberlin.com,3000
18,maria,m@tuberlin.com,3000
18,maria,m@tuberlin.com,3000
18,maria,m@tuberlin.com,3000
18,maria,m@tuberlin.com,3000
18,maria,m@tuberlin.com,3000
18,maria,m@tuberlin.com,3000
18,maria,m@tuberlin.com,3000
18,maria,m@tuberlin.com,3000
18,maria,m@tuberlin.com,3000
18,maria,m@tuberlin.com,3000
18,maria,m@tuberlin.com,3000
18,maria,m@tuberlin.com,3000
18,maria,m@tuberlin.com,3000
18,maria,m@tuberlin.com,3000
18,maria,m@tuberlin.com,3000
18,maria,m@tuberlin.com,3000
18,maria,m@tuberlin.com,3000
18,maria,m@tuberlin.com,3000
18,maria,m@tuberlin.com,3000
18,maria,m@tuberlin.com,3000
18,maria,m@tuberlin.com,3000